<?xml version="1.0" encoding="UTF-8"?>
<beans xmlns="http://www.springframework.org/schema/beans"
       xmlns:xsi="http://www.w3.org/2001/XMLSchema-instance"
       xmlns:context="http://www.springframework.org/schema/context"
       xmlns:p="http://www.springframework.org/schema/p"
       xsi:schemaLocation="http://www.springframework.org/schema/beans http://www.springframework.org/schema/beans/spring-beans-3.2.xsd
	http://www.springframework.org/schema/context http://www.springframework.org/schema/context/spring-context-4.3.xsd
">

    <bean id="propertyConfigurer" class="org.springframework.beans.factory.config.PropertyPlaceholderConfigurer">
        <property name="locations">
            <list>
                <value>classpath*:db.properties</value>
                <!--要是有多个配置文件，只需在这里继续添加即可 -->
            </list>
        </property>
    </bean>

    <!-- 整合MyBatis -->
    <bean id="dataSource" class="com.mchange.v2.c3p0.ComboPooledDataSource">
        <property name="user" value="${jdbc.username}"/>
        <property name="password" value="${jdbc.password}"/>
        <property name="jdbcUrl" value="${jdbc.url}"/>
        <property name="driverClass" value="${jdbc.driverClass}"/>
        <property name="initialPoolSize" value="${jdbc.initialPoolSize}"/>
        <property name="maxPoolSize" value="${jdbc.maxPoolSize}"/>
    </bean>

    <!-- 配置MyBatis SqlSessionFactory -->
    <bean id="sqlSessionFactory" class="org.mybatis.spring.SqlSessionFactoryBean">
        <property name="dataSource" ref="dataSource"/>
        <property name="mapperLocations" value="classpath:cn/rental/mapper/xml/*.xml"/>
        <property name="configLocation" value="classpath:mybatis-config.xml"/>
    </bean>

    <!-- 扫描自定义的Mapper接口 -->
    <bean class="org.mybatis.spring.mapper.MapperScannerConfigurer">
        <property name="basePackage" value="cn.rental.mapper"/>
    </bean>

</beans>