<?xml version="1.0" encoding="UTF-8"?>
<beans xmlns="http://www.springframework.org/schema/beans"
       xmlns:xsi="http://www.w3.org/2001/XMLSchema-instance"
       xmlns:context="http://www.springframework.org/schema/context"
       xmlns:p="http://www.springframework.org/schema/p"
       xsi:schemaLocation="http://www.springframework.org/schema/beans http://www.springframework.org/schema/beans/spring-beans-4.3.xsd
                    http://www.springframework.org/schema/context http://www.springframework.org/schema/context/spring-context-4.3.xsd"
        >

    <!-- 使用 PropertySourcesPlaceholderConfigurer 替代 PropertyPlaceholderConfigurer -->
    <bean class="org.springframework.context.support.PropertySourcesPlaceholderConfigurer">
        <property name="locations">
            <list>
                <value>classpath:db.properties</value> <!-- 配置文件路径 -->
            </list>
        </property>
        <!-- 调试日志 -->
        <property name="ignoreResourceNotFound" value="true"/>
    </bean>

    <!-- 配置数据源（C3P0连接池） -->
    <bean id="dataSource" class="com.mchange.v2.c3p0.ComboPooledDataSource">
        <property name="user" value="${jdbc.username}"/>
        <property name="password" value="${jdbc.password}"/>
        <property name="jdbcUrl" value="${jdbc.url}"/>
        <property name="driverClass" value="${jdbc.driverClass}"/>
        <property name="initialPoolSize" value="${jdbc.initialPoolSize}"/>
        <property name="maxPoolSize" value="${jdbc.maxPoolSize}"/>
    </bean>

    <!-- 配置 MyBatis SqlSessionFactory -->
    <bean id="sqlSessionFactory" class="org.mybatis.spring.SqlSessionFactoryBean">
        <property name="dataSource" ref="dataSource"/>
        <property name="mapperLocations" value="classpath:cn/rental/mapper/xml/*.xml"/>
        <property name="configLocation" value="classpath:mybatis-config.xml"/>
    </bean>

    <!-- 扫描 MyBatis Mapper 接口 -->
    <bean class="org.mybatis.spring.mapper.MapperScannerConfigurer">
        <property name="basePackage" value="cn.rental.mapper"/>
    </bean>

</beans>
